model,concept,method,rank,n_sentences,seed,embed_step_enabled,delta_embed,k_features_embed,n_tokens_edited,k_pisces,value_pisces,ratio_thresh,mmlu_acc,mmlu_frac,mmlu_invalid,qa_acc,qa_frac,simdom_acc,simdom_frac,efficacy,specificity,harmonic,alpaca_instr,alp_instr_frac,alpaca_flu,alp_flu_frac,coherence,harmonic_alpaca,relearning_qa_open
meta-llama/Llama-3.1-8B-Instruct,Culture of Greece,pisces,200,300,42,False,0.0,0,0,0.4,7.0,2.0,0.653,1.0,0.0,0.24,0.3428571428571428,0.74,0.8222222222222222,0.6571428571428571,0.902439024390244,0.7605004468275245,2.0,1.0,1.9266666666666667,1.0,1.0,0.8264810618323081,0.62
meta-llama/Llama-3.1-8B-Instruct,Uranium,pisces,200,300,42,False,0.0,0,0,0.2,10.0,2.0,0.644,0.985,0.0,0.1,0.1470588235294117,0.48,0.631578947368421,0.8529411764705882,0.7696565196158228,0.8091614315769594,1.9866666666666664,0.9933333333333332,1.74,0.9094076655052264,0.9495196122715563,0.8510979203551168,
meta-llama/Llama-3.1-8B-Instruct,Cannabis,pisces,200,300,42,False,0.0,0,0,0.95,24.0,2.0,0.643,0.9825,0.0,0.06,0.0769230769230769,0.48,0.6486486486486487,0.9230769230769232,0.7814092208276378,0.8463557439935393,2.0,1.0,1.8866666666666667,0.9860627177700348,0.9929824561403509,0.8901708253733381,0.28
meta-llama/Llama-3.1-8B-Instruct,Baseball,pisces,200,300,42,False,0.0,0,0,0.6,10.0,2.0,0.652,1.0,0.0,0.18,0.2432432432432432,0.7,0.8333333333333333,0.7567567567567568,0.9090909090909092,0.8259587020648966,2.0,1.0,1.94,1.0,1.0,0.8768267223382045,0.28
meta-llama/Llama-3.1-8B-Instruct,Ancient Rome,pisces,200,300,42,False,0.0,0,0,0.4,10.0,2.0,0.612,0.905,0.0,0.06,0.0666666666666666,0.8,0.930232558139535,0.9333333333333332,0.9174428182221376,0.925319858864986,2.0,1.0,1.9266666666666667,1.0,1.0,0.94894223897691,0.52
meta-llama/Llama-3.1-8B-Instruct,Gambling,pisces,200,300,42,False,0.0,0,0,0.9,10.0,2.0,0.652,1.0,0.0,0.1,0.1428571428571428,0.62,0.8611111111111112,0.8571428571428571,0.9253731343283582,0.8899521531100479,2.0,1.0,1.846666666666667,0.9651567944250872,0.9822695035460992,0.9187341742055896,0.5
meta-llama/Llama-3.1-8B-Instruct,Golf,pisces,200,300,42,False,0.0,0,0,0.85,7.0,2.0,0.653,1.0,0.0,0.08,0.1212121212121212,0.66,0.942857142857143,0.8787878787878788,0.9705882352941176,0.9224096385542168,2.0,1.0,1.9533333333333331,1.0,1.0,0.9468997361477572,0.58
