model,concept,method,rank,n_sentences,seed,embed_step_enabled,delta_embed,k_features_embed,n_tokens_edited,lr,alpha,steering,setting_name,layer_id,layer_ids,param_ids,mmlu_acc,mmlu_frac,mmlu_invalid,qa_acc,qa_frac,simdom_acc,simdom_frac,efficacy,specificity,harmonic,alpaca_instr,alp_instr_frac,alpaca_flu,alp_flu_frac,coherence,harmonic_alpaca,relearning_qa_open
meta-llama/Llama-3.1-8B-Instruct,Ancient Rome,rmu,200,200,42,False,0.0,0,0,0.0001,50.0,30.0,S1_lid7_L567,7,"5,6,7",6,0.639,0.9725,0.003,0.0,0.0,0.74,0.8604651162790697,1.0,0.9130586481428616,0.9545537446321688,1.9933333333333327,0.9966666666666668,1.94,1.0,0.9983305509181968,0.9687131049438614,0.88
meta-llama/Llama-3.1-8B-Instruct,Baseball,rmu,200,200,42,False,0.0,0,0,0.0003,300.0,100.0,S1_lid7_L567,7,"5,6,7",6,0.612,0.905,0.004,0.02,0.027027027027027,0.18,0.2142857142857142,0.972972972972973,0.3465220165922144,0.5110387827928317,1.9866666666666664,0.9933333333333332,1.94,1.0,0.9966555183946488,0.6101339585247867,0.5
